{
    "kotlin": {
        "stargazers": 0.5246066206562799,
        "forks": 0.2291077697348087,
        "recency": 0.13485348631147673,
        "contributors": 0.04400538014169614,
        "description": 0.06742674315573836
    },
    "ruby": {
        "stargazers": 0.4740155542255638,
        "forks": 0.23909349211019887,
        "recency": 0.16133344565789293,
        "contributors": 0.04489078517739791,
        "description": 0.08066672282894646
    },
    "dart": {
        "stargazers": 0.5268992808649363,
        "forks": 0.23057290937759262,
        "recency": 0.13807572512701619,
        "contributors": 0.035414222066946804,
        "description": 0.06903786256350809
    },
    "typescript": {
        "stargazers": 0.51643480480132,
        "forks": 0.18836423977153277,
        "recency": 0.17047119704411992,
        "contributors": 0.03949415986096738,
        "description": 0.08523559852205995
    },
    "c++": {
        "stargazers": 0.48598869654637583,
        "forks": 0.21799474586331938,
        "recency": 0.17463395413657173,
        "contributors": 0.034065626385447155,
        "description": 0.08731697706828587
    },
    "javascript": {
        "stargazers": 0.5066141194531995,
        "forks": 0.19868122183459475,
        "recency": 0.1869587652382452,
        "contributors": 0.014266510854837851,
        "description": 0.0934793826191226
    },
    "python": {
        "stargazers": 0.5113836203493113,
        "forks": 0.23142684139484024,
        "recency": 0.1445786159817839,
        "contributors": 0.04032161428317255,
        "description": 0.07228930799089195
    },
    "swift": {
        "stargazers": 0.5082208323777911,
        "forks": 0.2469010922705685,
        "recency": 0.15145852876983534,
        "contributors": 0.017690282196887196,
        "description": 0.07572926438491767
    },
    "java": {
        "stargazers": 0.4947488542196356,
        "forks": 0.18743686627799322,
        "recency": 0.14336822209348588,
        "contributors": 0.10276194636214238,
        "description": 0.07168411104674294
    },
    "c#": {
        "stargazers": 0.513258702225136,
        "forks": 0.20094602807075748,
        "recency": 0.16076739434402915,
        "contributors": 0.04464417818806277,
        "description": 0.08038369717201457
    },
    "go": {
        "stargazers": 0.5003110185986953,
        "forks": 0.21095618863439436,
        "recency": 0.14579950805229128,
        "contributors": 0.07003353068847337,
        "description": 0.07289975402614564
    },
    "rust": {
        "stargazers": 0.4969126698953939,
        "forks": 0.22091255188074188,
        "recency": 0.17371970169110176,
        "contributors": 0.02159522568721151,
        "description": 0.0868598508455509
    }
}
