{
    "public_repos": 0.20787266419530764,
    "public_gists": 0.1029887322757846,
    "followers": 0.2055023887472557,
    "following": 0.03030532513719846,
    "oldness": 0.2573227627315177,
    "contributions": 0.16570280177573732,
    "bio": 0.03030532513719846
}